<controls>
    <ColorPicker_Start_Color>
        <name>Start Color</name>
        <values_0>0.06</values_0>
        <values_1>0.31</values_1>
        <values_2>0.84</values_2>
        <values_3>0.62</values_3>
    </ColorPicker_Start_Color>
    <ColorPicker_Start_Color_Var>
        <name>Start Color Var</name>
        <values_0>0</values_0>
        <values_1>0</values_1>
        <values_2>0</values_2>
        <values_3>0</values_3>
    </ColorPicker_Start_Color_Var>
    <ColorPicker_End_Color>
        <name>End Color</name>
        <values_0>0.13</values_0>
        <values_1>0.12</values_1>
        <values_2>0.815</values_2>
        <values_3>0.045</values_3>
    </ColorPicker_End_Color>
    <ColorPicker_End_Color_Var>
        <name>End Color Var</name>
        <values_0>0</values_0>
        <values_1>0</values_1>
        <values_2>0</values_2>
        <values_3>0</values_3>
    </ColorPicker_End_Color_Var>
    <ComboBox_Blend_Type_Src>
        <name>Blend Type Src</name>
        <value>4</value>
    </ComboBox_Blend_Type_Src>
    <ComboBox_Blend_Type_Dest>
        <name>Blend Type Dest</name>
        <value>1</value>
    </ComboBox_Blend_Type_Dest>
    <Button_Normal>
        <name>Normal</name>
        <value>0</value>
    </Button_Normal>
    <Button_Addictive>
        <name>Addictive</name>
        <value>0</value>
    </Button_Addictive>
</controls>
